timestamp,symbol,direction,status,d1_close,d1_ema100,d1_ema_slope,d1_adx,trend_direction,choch_direction,choch_level,choch_bar_index,fvg_timeframe,fvg_direction,fvg_top,fvg_bottom,fvg_midpoint,fvg_size,fvg_bar_index,entry,sl_price,tp_price,rr_ratio,lot_size,exit_price,exit_timestamp,pnl,gross_rr
2026-05-26 07:55:36,FETUSDT,LONG,closed,0.2396,0.21170736866925163,,35.84689528538687,long,bullish,0.2332,,15m,bullish,0.2393,0.2381,0.23870000000000002,0.0012,,0.2387,0.23667,0.24288,2.0591,18898.9,0.24274689,2026-05-26 07:55:36,-10.4527,
2026-05-26 08:10:10,FETUSDT,LONG,closed,0.2396,0.21170736866925163,,35.84689528538687,long,bullish,0.2329,,15m,bullish,0.2393,0.2381,0.23870000000000002,0.0012,,0.2387,0.23667,0.24288,2.0591,4355.9,0.24200056,2026-05-26 08:10:10,-2.6106,
2026-05-26 09:00:07,UNIUSDT,SHORT,closed,,,,,,,,,,,,,,,,3.290021880065,,,,,3.30274821,2026-05-26 09:00:07,-15.7043,
2026-05-26 09:20:06,UNIUSDT,SHORT,closed,,,,,,,,,,,,,,,,3.296,,,,,3.29809291,2026-05-26 09:20:06,-1.3939,
2026-05-31 08:56:06,BNBUSDT,SHORT,closed,723.41,671.7608797827975,,59.378363808380314,short,bearish,721.14,,15m,bearish,728.66,726.07,727.365,2.59,,727.365,729.75299,718.39625,3.7558,25.756,727.365,2026-05-31 08:56:06,0.0,
2026-05-31 09:00:54,BNBUSDT,SHORT,closed,723.41,671.7608797827975,,59.378363808380314,short,bearish,721.14,,15m,bearish,728.66,726.07,727.365,2.59,,727.365,729.75299,718.39625,3.7558,25.764,727.365,2026-05-31 09:00:54,0.0,
2026-05-31 09:06:26,BNBUSDT,SHORT,closed,723.41,671.7608797827975,,57.385025149089465,short,bearish,721.14,,15m,bearish,728.66,726.07,727.365,2.59,,727.365,729.75299,718.39625,3.7558,25.759,727.365,2026-05-31 09:06:26,0.0,
2026-05-31 09:16:00,BNBUSDT,SHORT,closed,722.75,671.7478104758668,,57.38499816548697,short,bearish,721.14,,15m,bearish,728.66,726.07,727.365,2.59,,727.365,729.75299,718.39625,3.7558,25.757,727.365,2026-05-31 09:16:00,0.0,
2026-05-31 09:21:18,BNBUSDT,SHORT,closed,722.75,671.7478104758668,,57.38499816548697,short,bearish,721.14,,15m,bearish,728.66,726.07,727.365,2.59,,727.365,729.75299,718.39625,3.7558,25.762,727.365,2026-05-31 09:21:18,0.0,
2026-05-31 09:26:04,BNBUSDT,SHORT,closed,722.75,671.7478104758668,,57.38499816548697,short,bearish,721.14,,15m,bearish,728.66,726.07,727.365,2.59,,727.365,729.75299,718.39625,3.7558,25.768,727.365,2026-05-31 09:26:04,0.0,
2026-05-31 09:31:05,BNBUSDT,SHORT,closed,722.75,671.7478104758668,,57.38499816548697,short,bearish,721.14,,15m,bearish,728.66,726.07,727.365,2.59,,727.365,729.75299,718.39625,3.7558,25.767,727.365,2026-05-31 09:31:05,0.0,
2026-05-31 09:35:35,BNBUSDT,SHORT,closed,722.75,671.7478104758668,,57.38499816548697,short,bearish,721.14,,15m,bearish,728.66,726.07,727.365,2.59,,727.365,729.75299,718.39625,3.7558,25.769,727.365,2026-05-31 09:35:35,0.0,
2026-05-31 09:40:54,BNBUSDT,SHORT,closed,722.75,671.7478104758668,,57.38499816548697,short,bearish,721.14,,15m,bearish,728.66,726.07,727.365,2.59,,727.365,729.75299,718.39625,3.7558,25.765,727.365,2026-05-31 09:40:54,0.0,
2026-05-31 09:46:13,BNBUSDT,SHORT,closed,722.75,671.7478104758668,,57.38499816548697,short,bearish,721.14,,15m,bearish,728.66,726.07,727.365,2.59,,727.365,729.75299,718.39625,3.7558,25.772,727.365,2026-05-31 09:46:13,0.0,
2026-05-31 10:15:05,BNBUSDT,SHORT,closed,723.5,671.7626619610153,,55.54907825699412,short,bearish,722.03,,15m,bearish,728.66,726.07,727.365,2.59,,727.365,729.75299,718.39625,3.7558,25.752,727.365,2026-05-31 10:15:05,0.0,
2026-05-31 10:16:04,BNBUSDT,SHORT,closed,723.5,671.7626619610153,,55.54907825699412,short,bearish,722.03,,15m,bearish,728.66,726.07,727.365,2.59,,727.365,729.75299,718.39625,3.7558,25.749,727.365,2026-05-31 10:16:04,0.0,
2026-05-31 11:36:17,BNBUSDT,SHORT,closed,723.4,671.7606817629955,,53.93417796566136,short,bearish,722.03,,15m,bearish,728.66,726.07,727.365,2.59,,727.365,729.75299,718.55846,3.6878,25.759,727.365,2026-05-31 11:36:17,0.0,
2026-05-31 11:40:04,NEARUSDT,SHORT,closed,2.263,1.5840658855303515,,28.420018201870608,short,bearish,2.249,,15m,bearish,2.319,2.304,2.3114999999999997,0.015,,2.3115,2.33291,2.27288,1.8038,2133.1,2.3115,2026-05-31 11:40:04,0.0,
2026-05-31 11:41:02,BNBUSDT,SHORT,closed,723.4,671.7606817629955,,53.93417796566136,short,bearish,722.03,,15m,bearish,728.66,726.07,727.365,2.59,,727.365,729.75299,718.55846,3.6878,25.766,727.365,2026-05-31 11:41:02,0.0,
2026-05-31 11:41:53,NEARUSDT,SHORT,closed,2.263,1.5840658855303515,,28.420018201870608,short,bearish,2.249,,15m,bearish,2.319,2.304,2.3114999999999997,0.015,,2.3115,2.33291,2.27288,1.8038,2133.8,2.3115,2026-05-31 11:41:53,0.0,
2026-05-31 13:21:02,NEARUSDT,LONG,closed,2.321,1.5852144003818367,,25.011089322958718,long,bullish,2.286,,15m,bullish,2.285,2.275,2.2800000000000002,0.01,,2.28,2.26135,2.30692,1.4434,2387.3,2.28,2026-05-31 13:21:02,0.0,
2026-05-31 13:26:35,NEARUSDT,LONG,closed,2.321,1.5852144003818367,,25.011089322958718,long,bullish,2.286,,15m,bullish,2.285,2.275,2.2800000000000002,0.01,,2.28,2.26135,2.30692,1.4434,2386.7,2.28,2026-05-31 13:26:35,0.0,
2026-05-31 13:31:17,NEARUSDT,LONG,closed,2.321,1.5852144003818367,,25.011089322958718,long,bullish,2.286,,15m,bullish,2.285,2.275,2.2800000000000002,0.01,,2.28,2.26135,2.30692,1.4434,2386.6,2.28,2026-05-31 13:31:17,0.0,
2026-05-31 13:35:40,NEARUSDT,LONG,closed,2.321,1.5852144003818367,,25.011089322958718,long,bullish,2.286,,15m,bullish,2.285,2.275,2.2800000000000002,0.01,,2.28,2.26135,2.30692,1.4434,2386.1,2.28,2026-05-31 13:35:40,0.0,
2026-05-31 13:40:59,NEARUSDT,LONG,closed,2.321,1.5852144003818367,,25.011089322958718,long,bullish,2.286,,15m,bullish,2.285,2.275,2.2800000000000002,0.01,,2.28,2.26135,2.30692,1.4434,2386.1,2.28,2026-05-31 13:40:59,0.0,
2026-05-31 13:46:24,NEARUSDT,LONG,closed,2.321,1.5852144003818367,,25.011089322958718,long,bullish,2.286,,15m,bullish,2.285,2.275,2.2800000000000002,0.01,,2.28,2.26135,2.30692,1.4434,2386.2,2.28,2026-05-31 13:46:24,0.0,
2026-05-31 13:50:34,NEARUSDT,LONG,closed,2.321,1.5852144003818367,,25.011089322958718,long,bullish,2.286,,15m,bullish,2.285,2.275,2.2800000000000002,0.01,,2.28,2.26135,2.30692,1.4434,2385.6,2.28,2026-05-31 13:50:34,0.0,
2026-05-31 13:56:20,NEARUSDT,LONG,closed,2.321,1.5852144003818367,,25.011089322958718,long,bullish,2.286,,15m,bullish,2.285,2.275,2.2800000000000002,0.01,,2.28,2.26135,2.30692,1.4434,2385.8,2.28,2026-05-31 13:56:20,0.0,
2026-05-31 14:00:50,NEARUSDT,LONG,closed,2.321,1.5852144003818367,,25.011089322958718,long,bullish,2.286,,15m,bullish,2.285,2.275,2.2800000000000002,0.01,,2.28,2.26135,2.30692,1.4434,2385.6,2.28,2026-05-31 14:00:50,0.0,
2026-05-31 14:06:47,BNBUSDT,SHORT,closed,727.65,671.8448401788371,,50.76154821290584,short,bearish,722.03,,15m,bearish,733.05,729.59,731.3199999999999,3.46,,731.32,734.14958,724.22791,2.5064,21.724,731.32,2026-05-31 14:06:47,0.0,
2026-05-31 14:10:53,BNBUSDT,SHORT,closed,727.65,671.8448401788371,,50.76154821290584,short,bearish,722.03,,15m,bearish,733.05,729.59,731.3199999999999,3.46,,731.32,734.14958,724.22791,2.5064,21.736,731.32,2026-05-31 14:10:53,0.0,
2026-05-31 14:15:54,BNBUSDT,SHORT,closed,727.65,671.8448401788371,,50.76154821290584,short,bearish,722.03,,15m,bearish,733.05,729.59,731.3199999999999,3.46,,731.32,734.14958,724.22791,2.5064,21.716,731.32,2026-05-31 14:15:54,0.0,
2026-05-31 14:20:58,BNBUSDT,SHORT,closed,727.65,671.8448401788371,,50.76154821290584,short,bearish,722.03,,15m,bearish,733.05,729.59,731.3199999999999,3.46,,731.32,734.14958,724.22791,2.5064,21.703,731.32,2026-05-31 14:20:58,0.0,
2026-05-31 14:26:04,BNBUSDT,SHORT,closed,727.65,671.8448401788371,,50.76154821290584,short,bearish,722.03,,15m,bearish,733.05,729.59,731.3199999999999,3.46,,731.32,734.14958,724.22791,2.5064,21.713,731.32,2026-05-31 14:26:04,0.0,
2026-05-31 14:31:11,BNBUSDT,SHORT,closed,727.65,671.8448401788371,,50.76154821290584,short,bearish,722.03,,15m,bearish,733.05,729.59,731.3199999999999,3.46,,731.32,734.14958,724.22791,2.5064,21.704,731.32,2026-05-31 14:31:11,0.0,
2026-05-31 14:35:59,BNBUSDT,SHORT,closed,727.65,671.8448401788371,,50.76154821290584,short,bearish,722.03,,15m,bearish,733.05,729.59,731.3199999999999,3.46,,731.32,734.14958,724.22791,2.5064,21.713,731.32,2026-05-31 14:35:59,0.0,
2026-05-31 14:45:04,BNBUSDT,SHORT,closed,727.65,671.8448401788371,,50.76154821290584,short,bearish,722.03,,15m,bearish,733.05,729.59,731.3199999999999,3.46,,731.32,734.14958,724.22791,2.5064,21.715,731.32,2026-05-31 14:45:04,0.0,
2026-05-31 14:46:44,BNBUSDT,SHORT,closed,727.65,671.8448401788371,,50.76154821290584,short,bearish,722.03,,15m,bearish,733.05,729.59,731.3199999999999,3.46,,731.32,734.14958,724.22791,2.5064,21.706,731.32,2026-05-31 14:46:44,0.0,
2026-05-31 14:51:26,BNBUSDT,SHORT,closed,727.65,671.8448401788371,,50.76154821290584,short,bearish,722.03,,15m,bearish,733.05,729.59,731.3199999999999,3.46,,731.32,734.14958,724.22791,2.5064,21.715,731.32,2026-05-31 14:51:26,0.0,
2026-05-31 14:56:41,BNBUSDT,SHORT,closed,727.65,671.8448401788371,,50.76154821290584,short,bearish,722.03,,15m,bearish,733.05,729.59,731.3199999999999,3.46,,731.32,734.14958,724.22791,2.5064,21.712,731.32,2026-05-31 14:56:41,0.0,
2026-05-31 15:00:58,BNBUSDT,SHORT,closed,727.65,671.8448401788371,,50.76154821290584,short,bearish,722.03,,15m,bearish,733.05,729.59,731.3199999999999,3.46,,731.32,734.14958,724.22791,2.5064,21.707,731.32,2026-05-31 15:00:58,0.0,
2026-05-31 15:16:01,NEARUSDT,LONG,closed,2.321,1.5852144003818367,,22.632104719704753,long,bullish,2.286,,15m,bullish,2.285,2.275,2.2800000000000002,0.01,,2.28,2.26135,2.30692,1.4434,2340.0,2.28,2026-05-31 15:16:01,0.0,
2026-05-31 15:25:04,NEARUSDT,LONG,closed,2.321,1.5852144003818367,,22.632104719704753,long,bullish,2.286,,15m,bullish,2.285,2.275,2.2800000000000002,0.01,,2.28,2.26135,2.30692,1.4434,2340.1,2.28,2026-05-31 15:25:04,0.0,
2026-05-31 15:26:05,NEARUSDT,LONG,closed,2.321,1.5852144003818367,,22.632104719704753,long,bullish,2.286,,15m,bullish,2.285,2.275,2.2800000000000002,0.01,,2.28,2.26135,2.30692,1.4434,2340.9,2.28,2026-05-31 15:26:05,0.0,
2026-05-31 15:31:23,NEARUSDT,LONG,closed,2.321,1.5852144003818367,,22.632104719704753,long,bullish,2.286,,15m,bullish,2.285,2.275,2.2800000000000002,0.01,,2.28,2.26135,2.30692,1.4434,2340.6,2.28,2026-05-31 15:31:23,0.0,
2026-05-31 15:35:42,NEARUSDT,LONG,closed,2.321,1.5852144003818367,,22.632104719704753,long,bullish,2.286,,15m,bullish,2.285,2.275,2.2800000000000002,0.01,,2.28,2.26135,2.30692,1.4434,2340.6,2.28,2026-05-31 15:35:42,0.0,
2026-05-31 15:41:03,NEARUSDT,LONG,closed,2.321,1.5852144003818367,,22.632104719704753,long,bullish,2.286,,15m,bullish,2.285,2.275,2.2800000000000002,0.01,,2.28,2.26135,2.30692,1.4434,2340.8,2.28,2026-05-31 15:41:03,0.0,
2026-05-31 16:56:27,ARBUSDT,SHORT,closed,0.1006,0.1235883655471292,,26.574648701761625,short,bearish,0.1011,,15m,bearish,0.1011,0.1008,0.10095,0.0003,,0.10095,0.10171,0.09938,2.0658,44364.4,0.10095,2026-05-31 16:56:27,0.0,
2026-05-31 16:57:44,UNIUSDT,SHORT,closed,2.969,3.627657053433873,,25.43067801335863,short,bearish,2.975,,15m,bearish,2.989,2.983,2.9859999999999998,0.006,,2.986,2.99797,2.96058,2.1236,3723.79,2.986,2026-05-31 16:57:44,0.0,
2026-05-31 17:01:23,ARBUSDT,SHORT,closed,0.1006,0.1235883655471292,,28.44697974307618,short,bearish,0.1011,,15m,bearish,0.1011,0.1008,0.10095,0.0003,,0.10095,0.10171,0.09938,2.0658,45008.0,0.10095,2026-05-31 17:01:23,0.0,
2026-05-31 17:02:51,UNIUSDT,SHORT,closed,2.969,3.627657053433873,,27.270502371429767,short,bearish,2.975,,15m,bearish,2.989,2.983,2.9859999999999998,0.006,,2.986,2.99797,2.96058,2.1236,3776.51,2.986,2026-05-31 17:02:51,0.0,
2026-05-31 17:06:09,ARBUSDT,SHORT,closed,0.1006,0.1235883655471292,,28.44697974307618,short,bearish,0.1011,,15m,bearish,0.1011,0.1008,0.10095,0.0003,,0.10095,0.10171,0.09938,2.0658,44996.6,0.10095,2026-05-31 17:06:09,0.0,
2026-05-31 17:12:14,ARBUSDT,SHORT,closed,0.1006,0.1235883655471292,,28.446926873525065,short,bearish,0.1006,,15m,bearish,0.1011,0.1008,0.10095,0.0003,,0.10095,0.10171,0.09938,2.0658,44984.4,0.10095,2026-05-31 17:12:14,0.0,
2026-05-31 17:15:06,UNIUSDT,SHORT,closed,2.961,3.627498637592289,,27.344304506818016,short,bearish,2.975,,15m,bearish,2.989,2.983,2.9859999999999998,0.006,,2.986,2.99797,2.96058,2.1236,3777.55,2.986,2026-05-31 17:15:06,0.0,
2026-05-31 17:17:21,ARBUSDT,SHORT,closed,0.1006,0.1235883655471292,,28.446926873525065,short,bearish,0.1006,,15m,bearish,0.1011,0.1008,0.10095,0.0003,,0.10095,0.10171,0.09938,2.0658,44999.9,0.10095,2026-05-31 17:17:21,0.0,
2026-05-31 17:22:03,ARBUSDT,SHORT,closed,0.1006,0.1235883655471292,,28.446926873525065,short,bearish,0.1006,,15m,bearish,0.1011,0.1008,0.10095,0.0003,,0.10095,0.10171,0.09938,2.0658,44999.1,0.10095,2026-05-31 17:22:03,0.0,
2026-05-31 17:31:28,ARBUSDT,SHORT,closed,0.1011,0.1235982665372282,,28.446926873525065,short,bearish,0.1011,,15m,bearish,0.1024,0.1019,0.10215,0.0005,,0.10215,0.10301,0.10038,2.0581,39774.2,0.10215,2026-05-31 17:31:28,0.0,
2026-05-31 17:37:05,ARBUSDT,SHORT,closed,0.1011,0.1235982665372282,,28.446926873525065,short,bearish,0.1011,,15m,bearish,0.1024,0.1019,0.10215,0.0005,,0.10215,0.10301,0.10038,2.0581,39797.2,0.10215,2026-05-31 17:37:05,0.0,
2026-05-31 17:42:18,ARBUSDT,SHORT,closed,0.1011,0.1235982665372282,,28.446926873525065,short,bearish,0.1011,,15m,bearish,0.1024,0.1019,0.10215,0.0005,,0.10215,0.10301,0.10038,2.0581,39794.3,0.10215,2026-05-31 17:42:18,0.0,
2026-05-31 17:46:17,ARBUSDT,SHORT,closed,0.1011,0.1235982665372282,,28.446926873525065,short,bearish,0.1011,,15m,bearish,0.1024,0.1019,0.10215,0.0005,,0.10215,0.10301,0.10038,2.0581,39798.3,0.10215,2026-05-31 17:46:17,0.0,
2026-05-31 17:56:16,UNIUSDT,SHORT,closed,2.979,3.627855073235853,,27.39189397134354,short,bearish,2.975,,15m,bearish,2.989,2.983,2.9859999999999998,0.006,,2.986,2.99797,2.96058,2.1236,3782.1,2.986,2026-05-31 17:56:16,0.0,
2026-05-31 17:57:35,ARBUSDT,SHORT,closed,0.1014,0.12360420713128761,,27.92563406177972,short,bearish,0.1011,,15m,bearish,0.1024,0.1019,0.10215,0.0005,,0.10215,0.10301,0.10038,2.0581,39641.9,0.10215,2026-05-31 17:57:35,0.0,
2026-05-31 18:00:53,UNIUSDT,SHORT,closed,2.979,3.627855073235853,,29.21318200048981,short,bearish,2.975,,15m,bearish,2.989,2.983,2.9859999999999998,0.006,,2.986,2.99797,2.96058,2.1236,3834.18,2.986,2026-05-31 18:00:53,0.0,
2026-05-31 18:01:56,ARBUSDT,SHORT,closed,0.1014,0.12360420713128761,,29.180172569597783,short,bearish,0.1011,,15m,bearish,0.1024,0.1019,0.10215,0.0005,,0.10215,0.10301,0.10038,2.0581,40018.8,0.10215,2026-05-31 18:01:56,0.0,
2026-05-31 18:11:26,SUIUSDT,SHORT,closed,0.8753,1.061940923889955,,26.768918811775425,short,bearish,0.8925,,15m,bearish,0.9004,0.8981,0.89925,0.0023,,0.89925,0.9058,0.88571,2.0672,5158.5,0.89925,2026-05-31 18:11:26,0.0,
2026-05-31 18:13:51,ARBUSDT,SHORT,closed,0.1016,0.12360816752732721,,29.004918031875782,short,bearish,0.1011,,15m,bearish,0.1024,0.1019,0.10215,0.0005,,0.10215,0.10301,0.10038,2.0581,39958.5,0.10215,2026-05-31 18:13:51,0.0,
2026-05-31 18:16:34,SUIUSDT,SHORT,closed,0.8753,1.061940923889955,,26.768918811775425,short,bearish,0.8925,,15m,bearish,0.9004,0.8981,0.89925,0.0023,,0.89925,0.9058,0.88571,2.0672,5158.5,0.89925,2026-05-31 18:16:34,0.0,
2026-05-31 18:17:10,UNIUSDT,SHORT,closed,2.976,3.6277956672952594,,29.2130371798392,short,bearish,2.975,,15m,bearish,2.989,2.983,2.9859999999999998,0.006,,2.986,2.99797,2.96058,2.1236,3832.86,2.986,2026-05-31 18:17:10,0.0,
2026-05-31 18:17:53,ARBUSDT,SHORT,closed,0.1016,0.12360816752732721,,29.004918031875782,short,bearish,0.1011,,15m,bearish,0.1024,0.1019,0.10215,0.0005,,0.10215,0.10301,0.10038,2.0581,39949.0,0.10215,2026-05-31 18:17:53,0.0,
2026-05-31 18:25:39,ARBUSDT,SHORT,closed,0.1012,0.12360024673524801,,29.00491803187578,short,bearish,0.1011,,15m,bearish,0.1024,0.1019,0.10215,0.0005,,0.10215,0.10301,0.10038,2.0581,39951.6,0.10215,2026-05-31 18:25:39,0.0,
2026-05-31 18:26:54,SUIUSDT,SHORT,closed,0.8738,1.0619112209196582,,26.768918811775425,short,bearish,0.8925,,15m,bearish,0.878,0.8749,0.87645,0.0031,,0.87645,0.88327,0.86238,2.063,4953.7,0.87645,2026-05-31 18:26:54,0.0,
2026-05-31 18:27:40,UNIUSDT,SHORT,closed,2.974,3.6277560633348633,,29.2130371798392,short,bearish,2.975,,15m,bearish,2.989,2.983,2.9859999999999998,0.006,,2.986,2.99797,2.96058,2.1236,3834.0,2.986,2026-05-31 18:27:40,0.0,
2026-05-31 18:35:38,ARBUSDT,SHORT,closed,0.1013,0.12360222693326782,,29.00491803187578,short,bearish,0.1011,,15m,bearish,0.1024,0.1019,0.10215,0.0005,,0.10215,0.10301,0.10038,2.0581,39955.4,0.10215,2026-05-31 18:35:38,0.0,
2026-05-31 18:36:37,UNIUSDT,SHORT,closed,2.982,3.6279144791764475,,29.213037179839205,short,bearish,2.975,,15m,bearish,2.989,2.983,2.9859999999999998,0.006,,2.986,2.99797,2.96058,2.1236,3833.8,2.986,2026-05-31 18:36:37,0.0,
2026-05-31 18:37:18,SUIUSDT,SHORT,closed,0.8778,1.0619904288404503,,26.490608663630493,short,bearish,0.8925,,15m,bearish,0.9004,0.8981,0.89925,0.0023,,0.89925,0.9058,0.88571,2.0672,5148.1,0.89925,2026-05-31 18:37:18,0.0,
2026-05-31 18:40:40,SUIUSDT,SHORT,closed,0.8778,1.0619904288404503,,26.490608663630493,short,bearish,0.8925,,15m,bearish,0.9004,0.8981,0.89925,0.0023,,0.89925,0.9058,0.88571,2.0672,5148.8,0.89925,2026-05-31 18:40:40,0.0,
2026-05-31 18:41:22,UNIUSDT,SHORT,closed,2.982,3.6279144791764475,,29.213037179839205,short,bearish,2.975,,15m,bearish,2.989,2.983,2.9859999999999998,0.006,,2.986,2.99797,2.96058,2.1236,3834.37,2.986,2026-05-31 18:41:22,0.0,
2026-05-31 18:51:09,SUIUSDT,SHORT,closed,0.8775,1.0619844882463907,,26.341787009581147,short,bearish,0.8925,,15m,bearish,0.9004,0.8981,0.89925,0.0023,,0.89925,0.9058,0.88571,2.0672,5140.7,0.89925,2026-05-31 18:51:09,0.0,
2026-05-31 18:51:45,UNIUSDT,SHORT,closed,2.98,3.6278748752160515,,29.2130371798392,short,bearish,2.975,,15m,bearish,2.989,2.983,2.9859999999999998,0.006,,2.986,2.99797,2.96058,2.1236,3832.65,2.986,2026-05-31 18:51:45,0.0,
2026-05-31 18:55:04,ARBUSDT,SHORT,closed,0.1011,0.1235982665372282,,29.00491803187578,short,bearish,0.1011,,15m,bearish,0.1024,0.1019,0.10215,0.0005,,0.10215,0.10301,0.10038,2.0581,39937.3,0.10215,2026-05-31 18:55:04,0.0,
2026-05-31 18:55:52,ARBUSDT,SHORT,closed,0.1011,0.1235982665372282,,29.00491803187578,short,bearish,0.1011,,15m,bearish,0.1024,0.1019,0.10215,0.0005,,0.10215,0.10301,0.10038,2.0581,39950.4,0.10215,2026-05-31 18:55:52,0.0,
2026-05-31 18:56:38,UNIUSDT,SHORT,closed,2.98,3.6278748752160515,,29.2130371798392,short,bearish,2.975,,15m,bearish,2.989,2.983,2.9859999999999998,0.006,,2.986,2.99797,2.96058,2.1236,3833.07,2.986,2026-05-31 18:56:38,0.0,
2026-05-31 18:57:32,SUIUSDT,SHORT,closed,0.8775,1.0619844882463907,,26.341787009581147,short,bearish,0.8925,,15m,bearish,0.9004,0.8981,0.89925,0.0023,,0.89925,0.9058,0.88571,2.0672,5140.9,0.89925,2026-05-31 18:57:32,0.0,
2026-05-31 19:00:42,UNIUSDT,SHORT,closed,2.98,3.6278748752160515,,30.904241922990145,short,bearish,2.975,,15m,bearish,2.989,2.983,2.9859999999999998,0.006,,2.986,2.99797,2.96058,2.1236,3881.03,2.986,2026-05-31 19:00:42,0.0,
2026-05-31 19:01:25,SUIUSDT,SHORT,closed,0.8775,1.0619844882463907,,26.341787009581147,short,bearish,0.8925,,15m,bearish,0.9004,0.8981,0.89925,0.0023,,0.89925,0.9058,0.88571,2.0672,5140.8,0.89925,2026-05-31 19:01:25,0.0,
2026-05-31 19:02:00,ARBUSDT,SHORT,closed,0.1011,0.1235982665372282,,30.007175663350456,short,bearish,0.1011,,15m,bearish,0.1024,0.1019,0.10215,0.0005,,0.10215,0.10301,0.10038,2.0581,40247.0,0.10215,2026-05-31 19:02:00,0.0,
2026-05-31 19:05:37,ARBUSDT,SHORT,closed,0.1011,0.1235982665372282,,30.007175663350456,short,bearish,0.1011,,15m,bearish,0.1024,0.1019,0.10215,0.0005,,0.10215,0.10301,0.10038,2.0581,40248.2,0.10215,2026-05-31 19:05:37,0.0,
2026-05-31 19:06:51,SUIUSDT,SHORT,closed,0.8775,1.0619844882463907,,28.22349785698309,short,bearish,0.8925,,15m,bearish,0.9004,0.8981,0.89925,0.0023,,0.89925,0.9058,0.88571,2.0672,5214.6,0.89925,2026-05-31 19:06:51,0.0,
2026-05-31 19:07:25,UNIUSDT,SHORT,closed,2.98,3.6278748752160515,,30.904241922990145,short,bearish,2.975,,15m,bearish,2.989,2.983,2.9859999999999998,0.006,,2.986,2.99797,2.96058,2.1236,3881.13,2.986,2026-05-31 19:07:25,0.0,
2026-05-31 19:10:40,SUIUSDT,SHORT,closed,0.8775,1.0619844882463907,,28.22349785698309,short,bearish,0.8925,,15m,bearish,0.9004,0.8981,0.89925,0.0023,,0.89925,0.9058,0.88571,2.0672,5213.9,0.89925,2026-05-31 19:10:40,0.0,
2026-05-31 19:12:19,ARBUSDT,SHORT,closed,0.1011,0.1235982665372282,,30.007175663350456,short,bearish,0.1011,,15m,bearish,0.1024,0.1019,0.10215,0.0005,,0.10215,0.10301,0.10038,2.0581,40248.6,0.10215,2026-05-31 19:12:19,0.0,
2026-05-31 19:12:58,UNIUSDT,SHORT,closed,2.98,3.6278748752160515,,30.904241922990145,short,bearish,2.975,,15m,bearish,2.989,2.983,2.9859999999999998,0.006,,2.986,2.99797,2.96058,2.1236,3881.24,2.986,2026-05-31 19:12:58,0.0,
2026-05-31 19:41:45,SUIUSDT,SHORT,closed,0.8735,1.0619052803255986,,28.230696124059612,short,bearish,0.8925,,15m,bearish,0.8774,0.8773,0.87735,0.0001,,0.87735,0.88266,0.8663,2.081,6430.2,0.87735,2026-05-31 19:41:45,0.0,
2026-05-31 19:42:25,UNIUSDT,SHORT,closed,2.976,3.6277956672952594,,30.730260578361527,short,bearish,2.975,,15m,bearish,2.989,2.983,2.9859999999999998,0.006,,2.986,2.99797,2.96058,2.1236,3874.69,2.986,2026-05-31 19:42:25,0.0,
2026-05-31 19:45:03,ARBUSDT,SHORT,closed,0.1006,0.1235883655471292,,30.406776225233223,short,bearish,0.1006,,15m,bearish,0.101,0.1008,0.1009,0.0002,,0.1009,0.10161,0.09943,2.0704,48871.5,0.1009,2026-05-31 19:45:03,0.0,
2026-05-31 19:46:03,UNIUSDT,SHORT,closed,2.976,3.6277956672952594,,30.730260578361527,short,bearish,2.975,,15m,bearish,2.989,2.983,2.9859999999999998,0.006,,2.986,2.99797,2.96058,2.1236,3874.96,2.986,2026-05-31 19:46:03,0.0,
2026-05-31 19:47:08,ARBUSDT,SHORT,closed,0.1006,0.1235883655471292,,30.406776225233223,short,bearish,0.1006,,15m,bearish,0.101,0.1008,0.1009,0.0002,,0.1009,0.10161,0.09943,2.0704,48873.9,0.1009,2026-05-31 19:47:08,0.0,
2026-05-31 19:50:04,SUIUSDT,SHORT,closed,0.8735,1.0619052803255986,,28.230696124059612,short,bearish,0.8925,,15m,bearish,0.8774,0.8773,0.87735,0.0001,,0.87735,0.88266,0.8663,2.081,6429.8,0.87735,2026-05-31 19:50:04,0.0,
2026-05-31 19:50:48,ARBUSDT,SHORT,closed,0.1006,0.1235883655471292,,30.406776225233223,short,bearish,0.1006,,15m,bearish,0.101,0.1008,0.1009,0.0002,,0.1009,0.10161,0.09943,2.0704,48869.7,0.1009,2026-05-31 19:50:48,0.0,
2026-05-31 20:25:54,ARBUSDT,SHORT,closed,0.1016,0.12360816752732721,,31.175287611611004,short,bearish,0.1011,,15m,bearish,0.1024,0.1019,0.10215,0.0005,,0.10215,0.10301,0.10038,2.0581,40608.1,0.10215,2026-05-31 20:25:54,0.0,
2026-05-31 20:31:52,SUIUSDT,SHORT,closed,0.8809,1.062051814979064,,29.84295917468046,short,bearish,0.8925,,15m,bearish,0.9004,0.8981,0.89925,0.0023,,0.89925,0.9058,0.88571,2.0672,5279.5,0.89925,2026-05-31 20:31:52,0.0,
2026-05-31 20:33:03,UNIUSDT,SHORT,closed,3.001,3.6282907168002096,,30.55599863744493,short,bearish,2.975,,15m,bearish,2.989,2.983,2.9859999999999998,0.006,,2.986,2.99797,2.96058,2.1236,3872.19,2.986,2026-05-31 20:33:03,0.0,
2026-05-31 20:34:45,ARBUSDT,SHORT,closed,0.1016,0.12360816752732721,,31.175287611611004,short,bearish,0.1011,,15m,bearish,0.1024,0.1019,0.10215,0.0005,,0.10215,0.10301,0.10038,2.0581,40611.5,0.10215,2026-05-31 20:34:45,0.0,
2026-05-31 20:36:24,UNIUSDT,SHORT,closed,3.001,3.6282907168002096,,30.55599863744493,short,bearish,2.975,,15m,bearish,2.989,2.983,2.9859999999999998,0.006,,2.986,2.99797,2.96058,2.1236,3872.6,2.986,2026-05-31 20:36:24,0.0,
2026-05-31 20:37:54,SUIUSDT,SHORT,closed,0.8809,1.062051814979064,,29.84295917468046,short,bearish,0.8925,,15m,bearish,0.9004,0.8981,0.89925,0.0023,,0.89925,0.9058,0.88571,2.0672,5279.7,0.89925,2026-05-31 20:37:54,0.0,
2026-05-31 20:39:37,ARBUSDT,SHORT,closed,0.1016,0.12360816752732721,,31.175287611611004,short,bearish,0.1011,,15m,bearish,0.1024,0.1019,0.10215,0.0005,,0.10215,0.10301,0.10038,2.0581,40606.0,0.10215,2026-05-31 20:39:37,0.0,
2026-05-31 20:46:52,ARBUSDT,SHORT,closed,0.1016,0.12360816752732721,,31.175287611611004,short,bearish,0.1011,,15m,bearish,0.1024,0.1019,0.10215,0.0005,,0.10215,0.10301,0.10038,2.0581,40612.1,0.10215,2026-05-31 20:46:52,0.0,
2026-05-31 20:51:19,SUIUSDT,SHORT,closed,0.8809,1.062051814979064,,29.84295917468046,short,bearish,0.8925,,15m,bearish,0.9004,0.8981,0.89925,0.0023,,0.89925,0.9058,0.88571,2.0672,5280.5,0.89925,2026-05-31 20:51:19,0.0,
2026-05-31 20:52:32,UNIUSDT,SHORT,closed,3.001,3.6282907168002096,,30.55599863744493,short,bearish,2.975,,15m,bearish,2.989,2.983,2.9859999999999998,0.006,,2.986,2.99797,2.96058,2.1236,3872.54,2.986,2026-05-31 20:52:32,0.0,
2026-05-31 20:57:12,SUIUSDT,SHORT,closed,0.8809,1.062051814979064,,29.84295917468046,short,bearish,0.8925,,15m,bearish,0.9004,0.8981,0.89925,0.0023,,0.89925,0.9058,0.88571,2.0672,5280.9,0.89925,2026-05-31 20:57:12,0.0,
2026-05-31 20:58:45,ARBUSDT,SHORT,closed,0.1016,0.12360816752732721,,31.175287611611004,short,bearish,0.1011,,15m,bearish,0.1024,0.1019,0.10215,0.0005,,0.10215,0.10301,0.10038,2.0581,40619.6,0.10215,2026-05-31 20:58:45,0.0,
2026-05-31 21:05:06,UNIUSDT,SHORT,closed,3.001,3.6282907168002096,,30.55599863744493,short,bearish,2.975,,15m,bearish,2.989,2.983,2.9859999999999998,0.006,,2.986,2.99797,2.96058,2.1236,3873.29,2.986,2026-05-31 21:05:06,0.0,
2026-05-31 21:06:29,SUIUSDT,SHORT,closed,0.8809,1.062051814979064,,29.84295917468046,short,bearish,0.8925,,15m,bearish,0.9004,0.8981,0.89925,0.0023,,0.89925,0.9058,0.88571,2.0672,5281.8,0.89925,2026-05-31 21:06:29,0.0,
2026-05-31 21:11:06,ARBUSDT,SHORT,closed,0.1016,0.12360816752732721,,31.175287611611004,short,bearish,0.1011,,15m,bearish,0.1024,0.1019,0.10215,0.0005,,0.10215,0.10301,0.10038,2.0581,40616.3,0.10215,2026-05-31 21:11:06,0.0,
2026-05-31 21:16:59,ARBUSDT,SHORT,closed,0.1016,0.12360816752732721,,31.175287611611004,short,bearish,0.1011,,15m,bearish,0.1024,0.1019,0.10215,0.0005,,0.10215,0.10301,0.10038,2.0581,40610.9,0.10215,2026-05-31 21:16:59,0.0,
2026-05-31 21:18:38,SUIUSDT,SHORT,closed,0.8809,1.062051814979064,,29.84295917468046,short,bearish,0.8925,,15m,bearish,0.9004,0.8981,0.89925,0.0023,,0.89925,0.9058,0.88571,2.0672,5280.3,0.89925,2026-05-31 21:18:38,0.0,
2026-05-31 21:20:18,UNIUSDT,SHORT,closed,3.001,3.6282907168002096,,30.55599863744493,short,bearish,2.975,,15m,bearish,2.989,2.983,2.9859999999999998,0.006,,2.986,2.99797,2.96058,2.1236,3872.74,2.986,2026-05-31 21:20:18,0.0,
2026-05-31 21:26:09,SUIUSDT,SHORT,closed,0.8809,1.062051814979064,,29.84295917468046,short,bearish,0.8925,,15m,bearish,0.9004,0.8981,0.89925,0.0023,,0.89925,0.9058,0.88571,2.0672,5280.2,0.89925,2026-05-31 21:26:09,0.0,
2026-05-31 21:27:15,UNIUSDT,SHORT,closed,3.001,3.6282907168002096,,30.55599863744493,short,bearish,2.975,,15m,bearish,2.989,2.983,2.9859999999999998,0.006,,2.986,2.99797,2.96058,2.1236,3871.95,2.986,2026-05-31 21:27:15,0.0,
2026-05-31 21:27:59,ARBUSDT,SHORT,closed,0.1016,0.12360816752732721,,31.175287611611004,short,bearish,0.1011,,15m,bearish,0.1024,0.1019,0.10215,0.0005,,0.10215,0.10301,0.10038,2.0581,40597.8,0.10215,2026-05-31 21:27:59,0.0,
2026-05-31 21:30:50,UNIUSDT,SHORT,closed,3.001,3.6282907168002096,,30.55599863744493,short,bearish,2.975,,15m,bearish,2.989,2.983,2.9859999999999998,0.006,,2.986,2.99797,2.96058,2.1236,3871.57,2.986,2026-05-31 21:30:50,0.0,
2026-05-31 21:35:03,SUIUSDT,SHORT,closed,0.8809,1.062051814979064,,29.84295917468046,short,bearish,0.8925,,15m,bearish,0.9004,0.8981,0.89925,0.0023,,0.89925,0.9058,0.88571,2.0672,5278.7,0.89925,2026-05-31 21:35:03,0.0,
2026-05-31 21:36:05,ARBUSDT,SHORT,closed,0.1016,0.12360816752732721,,31.175287611611004,short,bearish,0.1011,,15m,bearish,0.1024,0.1019,0.10215,0.0005,,0.10215,0.10301,0.10038,2.0581,40596.9,0.10215,2026-05-31 21:36:05,0.0,
2026-05-31 21:36:55,SUIUSDT,SHORT,closed,0.8809,1.062051814979064,,29.84295917468046,short,bearish,0.8925,,15m,bearish,0.9004,0.8981,0.89925,0.0023,,0.89925,0.9058,0.88571,2.0672,5278.7,0.89925,2026-05-31 21:36:55,0.0,
2026-05-31 21:37:42,UNIUSDT,SHORT,closed,3.001,3.6282907168002096,,30.55599863744493,short,bearish,2.975,,15m,bearish,2.989,2.983,2.9859999999999998,0.006,,2.986,2.99797,2.96058,2.1236,3872.11,2.986,2026-05-31 21:37:42,0.0,
2026-05-31 21:41:04,SUIUSDT,SHORT,closed,0.8809,1.062051814979064,,29.84295917468046,short,bearish,0.8925,,15m,bearish,0.9004,0.8981,0.89925,0.0023,,0.89925,0.9058,0.88571,2.0672,5279.4,0.89925,2026-05-31 21:41:04,0.0,
2026-05-31 21:41:44,UNIUSDT,SHORT,closed,3.001,3.6282907168002096,,30.55599863744493,short,bearish,2.975,,15m,bearish,2.989,2.983,2.9859999999999998,0.006,,2.986,2.99797,2.96058,2.1236,3872.27,2.986,2026-05-31 21:41:44,0.0,
2026-05-31 21:42:52,ARBUSDT,SHORT,closed,0.1016,0.12360816752732721,,31.175287611611004,short,bearish,0.1011,,15m,bearish,0.1024,0.1019,0.10215,0.0005,,0.10215,0.10301,0.10038,2.0581,40610.9,0.10215,2026-05-31 21:42:52,0.0,
2026-05-31 21:50:52,ETHUSDT,SHORT,closed,2011.48,2269.9724165653906,,28.312568226112155,short,bearish,1997.22,,15m,bearish,2019.03,2017.55,2018.29,1.48,,2018.29,2022.05855,2009.74752,2.2668,9.042,2018.29,2026-05-31 21:50:52,0.0,
2026-05-31 21:51:39,BNBUSDT,LONG,closed,712.04,671.535731267946,,32.365011039192346,long,bullish,711.21,,15m,bullish,710.34,709.75,710.0450000000001,0.59,,710.045,708.68538,713.12062,2.2621,26.479,710.045,2026-05-31 21:51:39,0.0,
2026-05-31 21:56:26,ETHUSDT,SHORT,closed,2011.48,2269.9724165653906,,28.312568226112155,short,bearish,1997.22,,15m,bearish,2019.03,2017.55,2018.29,1.48,,2018.29,2022.05855,2009.74752,2.2668,9.041,2018.29,2026-05-31 21:56:26,0.0,
2026-05-31 21:57:10,UNIUSDT,LONG,closed,3.018,3.628627350463576,,29.43619158657575,long,bullish,3.008,,15m,bullish,3.009,3.007,3.008,0.002,,3.008,2.99798,3.05025,4.2166,4591.83,3.008,2026-05-31 21:57:10,0.0,
2026-05-31 22:00:56,UNIUSDT,LONG,closed,3.014,3.628548142542784,,28.024207293943736,long,bullish,3.008,,15m,bullish,3.009,3.007,3.008,0.002,,3.008,2.99798,3.05797,4.987,4543.73,3.008,2026-05-31 22:00:56,0.0,
2026-05-31 22:01:41,BNBUSDT,LONG,closed,711.52,671.5254342382431,,32.365011039192346,long,bullish,711.21,,15m,bullish,710.34,709.75,710.0450000000001,0.59,,710.045,708.68538,713.12062,2.2621,26.492,710.045,2026-05-31 22:01:41,0.0,
2026-05-31 22:02:34,ARBUSDT,LONG,closed,0.1026,0.12362796950752523,,28.965836247261446,long,bullish,0.1027,,15m,bullish,0.1023,0.1021,0.1022,0.0002,,0.1022,0.10149,0.10367,2.0704,48449.1,0.1022,2026-05-31 22:02:34,0.0,
2026-05-31 22:03:22,SUIUSDT,LONG,closed,0.8937,1.0623052803255988,,29.13988204272245,long,bullish,0.8837,,15m,bullish,0.8889,0.8875,0.8882,0.0014,,0.8882,0.88217,0.90416,2.6468,5711.4,0.8882,2026-05-31 22:03:22,0.0,
2026-05-31 22:05:40,SUIUSDT,LONG,closed,0.8937,1.0623052803255988,,28.66270564388676,long,bullish,0.8837,,15m,bullish,0.8889,0.8875,0.8882,0.0014,,0.8882,0.88217,0.90416,2.6468,5685.7,0.8882,2026-05-31 22:05:40,0.0,
2026-05-31 22:06:55,ARBUSDT,LONG,closed,0.1026,0.12362796950752523,,28.965836247261446,long,bullish,0.1027,,15m,bullish,0.1023,0.1021,0.1022,0.0002,,0.1022,0.10149,0.10367,2.0704,48405.3,0.1022,2026-05-31 22:06:55,0.0,
2026-05-31 22:07:44,UNIUSDT,LONG,closed,3.014,3.628548142542784,,28.024207293943736,long,bullish,3.008,,15m,bullish,3.009,3.007,3.008,0.002,,3.008,2.99798,3.05797,4.987,4540.75,3.008,2026-05-31 22:07:44,0.0,
2026-05-31 22:10:03,BNBUSDT,LONG,closed,711.52,671.5254342382431,,30.085375193448197,long,bullish,711.21,,15m,bullish,710.34,709.75,710.0450000000001,0.59,,710.045,708.68538,713.12062,2.2621,26.033,710.045,2026-05-31 22:10:03,0.0,
2026-05-31 22:11:08,UNIUSDT,LONG,closed,3.014,3.628548142542784,,28.024207293943736,long,bullish,3.008,,15m,bullish,3.009,3.007,3.008,0.002,,3.008,2.99798,3.05797,4.987,4542.65,3.008,2026-05-31 22:11:08,0.0,
2026-05-31 22:12:18,SUIUSDT,LONG,closed,0.8937,1.0623052803255988,,28.66270564388676,long,bullish,0.8837,,15m,bullish,0.8889,0.8875,0.8882,0.0014,,0.8882,0.88217,0.90416,2.6468,5688.8,0.8882,2026-05-31 22:12:18,0.0,
2026-05-31 22:13:03,ARBUSDT,LONG,closed,0.1026,0.12362796950752523,,28.965836247261446,long,bullish,0.1027,,15m,bullish,0.1023,0.1021,0.1022,0.0002,,0.1022,0.10149,0.10367,2.0704,48424.5,0.1022,2026-05-31 22:13:03,0.0,
2026-06-01 20:21:09,INJUSDT,LONG,closed,,,,,,,,,,,,,,,,7.329903568896,,,,,7.192,2026-06-01 20:21:09,0.0,
2026-06-01 20:31:14,UNIUSDT,LONG,closed,,,,,,,,,,,,,,,,2.996870714286,,,,,2.988,2026-06-01 20:31:14,0.0,
2026-06-01 21:12:13,XRPUSDT,LONG,closed,,,,,,,,,,,,,,,,1.2997,,,,,1.2971,2026-06-01 21:12:13,0.0,
2026-06-01 21:17:07,LINKUSDT,LONG,closed,,,,,,,,,,,,,,,,9.064,,,,,9.016,2026-06-01 21:17:07,0.0,
2026-06-01 22:50:08,SOLUSDT,SHORT,closed,,,,,,,,,,,,,,,,80.66,,,,,80.82,2026-06-01 22:50:08,0.0,
2026-06-02 05:57:45,UNIUSDT,SHORT,closed,2.929,3.5949973041039582,,33.68373609535329,short,bearish,2.911,,15m,bearish,2.958,2.945,2.9515000000000002,0.013,,2.9515,2.96687,2.9193,2.095,3934.27,2.922,2026-06-02 05:57:45,0.0,
2026-06-02 06:08:22,UNIUSDT,SHORT,closed,2.929,3.5949973041039582,,34.483636816896215,short,bearish,2.911,,15m,bearish,2.958,2.945,2.9515000000000002,0.013,,2.9515,2.96687,2.9193,2.095,3670.22,2.92077318,2026-06-02 06:08:22,-10.1776,
2026-06-02 06:15:10,UNIUSDT,SHORT,closed,2.929,3.5949973041039582,,34.483636816896215,short,bearish,2.911,,15m,bearish,2.958,2.945,2.9515000000000002,0.013,,2.9515,2.96687,2.9193,2.095,3591.37,2.923,2026-06-02 06:15:10,0.0,
2026-06-02 06:18:08,UNIUSDT,SHORT,closed,2.929,3.5949973041039582,,34.483636816896215,short,bearish,2.911,,15m,bearish,2.958,2.945,2.9515000000000002,0.013,,2.9515,2.96687,2.9193,2.095,3577.39,2.916,2026-06-02 06:18:08,0.0,
2026-06-02 06:20:11,XRPUSDT,SHORT,closed,1.2701,1.451084222464983,,46.414334869959475,short,bearish,1.2772,,15m,bearish,1.28,1.2759,1.2779500000000001,0.0041,,1.27795,1.28384,1.26554,2.107,14094.54,1.268,2026-06-02 06:20:11,0.0,
2026-06-02 06:23:09,UNIUSDT,SHORT,closed,2.929,3.5949973041039582,,34.483636816896215,short,bearish,2.911,,15m,bearish,2.958,2.945,2.9515000000000002,0.013,,2.9515,2.96687,2.9193,2.095,3650.12,2.912,2026-06-02 06:23:09,0.0,
2026-06-02 06:28:23,UNIUSDT,SHORT,closed,2.929,3.5949973041039582,,34.483636816896215,short,bearish,2.911,,15m,bearish,2.958,2.945,2.9515000000000002,0.013,,2.9515,2.96687,2.9193,2.095,3595.15,2.911,2026-06-02 06:28:23,0.0,
2026-06-02 06:30:08,SUIUSDT,SHORT,closed,0.8558,1.0526465385995711,,29.916465957765052,short,bearish,0.8584,,15m,bearish,0.8612,0.858,0.8595999999999999,0.0032,,0.8596,0.86637,0.84564,2.062,5143.4,0.8519,2026-06-02 06:30:08,0.0,
2026-06-02 06:30:49,XRPUSDT,SHORT,closed,1.2701,1.451084222464983,,47.51631335148182,short,bearish,1.2772,,15m,bearish,1.28,1.2759,1.2779500000000001,0.0041,,1.27795,1.28384,1.26554,2.107,13211.27,1.2671,2026-06-02 06:30:49,0.0,
2026-06-02 06:33:00,UNIUSDT,SHORT,closed,2.929,3.5949973041039582,,34.483636816896215,short,bearish,2.911,,15m,bearish,2.958,2.945,2.9515000000000002,0.013,,2.9515,2.96687,2.9193,2.095,3830.76,2.92,2026-06-02 06:33:00,-41.701,
2026-06-02 06:38:45,UNIUSDT,SHORT,closed,2.929,3.5949973041039582,,34.483636816896215,short,bearish,2.911,,15m,bearish,2.958,2.945,2.9515000000000002,0.013,,2.9515,2.96687,2.9193,2.095,3610.56,2.919,2026-06-02 06:38:45,0.0,
2026-06-02 06:43:44,UNIUSDT,SHORT,closed,2.929,3.5949973041039582,,34.483636816896215,short,bearish,2.911,,15m,bearish,2.958,2.945,2.9515000000000002,0.013,,2.9515,2.96687,2.9193,2.095,3553.32,2.918,2026-06-02 06:43:44,0.0,
2026-06-02 06:47:52,XRPUSDT,SHORT,closed,1.2701,1.451084222464983,,47.51631335148182,short,bearish,1.2772,,15m,bearish,1.28,1.2759,1.2779500000000001,0.0041,,1.27795,1.28384,1.26554,2.107,9994.31,1.2670991,2026-06-02 06:47:52,35.9885,
2026-06-02 06:48:53,UNIUSDT,SHORT,closed,2.929,3.5949973041039582,,34.483636816896215,short,bearish,2.911,,15m,bearish,2.958,2.945,2.9515000000000002,0.013,,2.9515,2.96687,2.9193,2.095,3510.45,2.912,2026-06-02 06:48:53,0.0,
2026-06-02 06:49:42,XRPUSDT,SHORT,closed,1.2701,1.451084222464983,,47.51631335148182,short,bearish,1.2772,,15m,bearish,1.28,1.2759,1.2779500000000001,0.0041,,1.27795,1.28384,1.26554,2.107,10000.65,1.2659,2026-06-02 06:49:42,9.0005,
2026-06-02 06:56:28,UNIUSDT,SHORT,closed,2.929,3.5949973041039582,,34.483636816896215,short,bearish,2.911,,15m,bearish,2.958,2.945,2.9515000000000002,0.013,,2.9515,2.96687,2.9193,2.095,4459.32,2.90426188,2026-06-02 06:56:28,16.6683,
2026-06-02 06:56:38,XRPUSDT,SHORT,closed,1.2701,1.451084222464983,,47.51631335148182,short,bearish,1.2772,,15m,bearish,1.28,1.2759,1.2779500000000001,0.0041,,1.27795,1.28384,1.26554,2.107,12016.4,1.264,2026-06-02 06:56:38,-7.2098,
2026-06-02 07:01:51,XRPUSDT,SHORT,closed,1.2701,1.451084222464983,,48.71026369572173,short,bearish,1.2772,,15m,bearish,1.28,1.2759,1.2779500000000001,0.0041,,1.27795,1.28384,1.26554,2.107,11878.31,1.26255081,2026-06-02 07:01:51,30.28,
2026-06-02 07:02:55,UNIUSDT,SHORT,closed,2.929,3.5949973041039582,,35.576404985901256,short,bearish,2.947,,15m,bearish,2.958,2.945,2.9515000000000002,0.013,,2.9515,2.96687,2.9193,2.095,4506.53,2.897,2026-06-02 07:02:55,13.518,
2026-06-02 07:10:20,SUIUSDT,SHORT,closed,0.8558,1.0526465385995711,,31.04337788001415,short,bearish,0.8584,,15m,bearish,0.8612,0.858,0.8595999999999999,0.0032,,0.8596,0.86637,0.84564,2.062,6361.9,0.84961048,2026-06-02 07:10:20,31.7423,
2026-06-02 07:10:27,UNIUSDT,SHORT,closed,2.929,3.5949973041039582,,35.576404985901256,short,bearish,2.947,,15m,bearish,2.958,2.945,2.9515000000000002,0.013,,2.9515,2.96687,2.9193,2.095,4526.64,2.903,2026-06-02 07:10:27,-49.786,
2026-06-02 07:10:28,XRPUSDT,SHORT,closed,1.2701,1.451084222464983,,48.71026369572173,short,bearish,1.2772,,15m,bearish,1.28,1.2759,1.2779500000000001,0.0041,,1.27795,1.28384,1.26554,2.107,9422.97,1.2653,2026-06-02 07:10:28,-34.8647,
2026-06-02 07:15:28,UNIUSDT,SHORT,closed,2.929,3.5949973041039582,,35.576404985901256,short,bearish,2.947,,15m,bearish,2.958,2.945,2.9515000000000002,0.013,,2.9515,2.96687,2.9193,2.095,4010.29,2.9112177,2026-06-02 07:15:28,-76.655,
2026-06-02 07:17:40,XRPUSDT,SHORT,closed,1.2701,1.451084222464983,,48.71026369572173,short,bearish,1.2772,,15m,bearish,1.28,1.2759,1.2779500000000001,0.0041,,1.27795,1.28384,1.26554,2.107,7818.37,1.26960292,2026-06-02 07:17:40,-35.987,
2026-06-02 07:18:53,SUIUSDT,SHORT,closed,0.8558,1.0526465385995711,,32.35432453397163,short,bearish,0.8584,,15m,bearish,0.8612,0.858,0.8595999999999999,0.0032,,0.8596,0.86637,0.84564,2.062,18727.0,0.85683894,2026-06-02 07:18:53,-107.4726,
2026-06-02 07:25:34,UNIUSDT,SHORT,closed,2.929,3.5949973041039582,,35.576404985901256,short,bearish,2.947,,15m,bearish,2.958,2.945,2.9515000000000002,0.013,,2.9515,2.96687,2.9193,2.095,8812.55,2.90961806,2026-06-02 07:25:34,-5.4124,
2026-06-02 07:25:36,XRPUSDT,SHORT,closed,1.2701,1.451084222464983,,48.71026369572173,short,bearish,1.2772,,15m,bearish,1.28,1.2759,1.2779500000000001,0.0041,,1.27795,1.28384,1.26554,2.107,20123.39,1.2658207,2026-06-02 07:25:36,88.126,
2026-06-02 07:30:39,ETHUSDT,LONG,closed,1988.65,2254.243233200998,,38.70641940660061,long,bullish,1986.72,,15m,bullish,1984.78,1981.17,1982.975,3.61,,1982.975,1978.19825,1993.52476,2.2086,27.841,1979.57,2026-06-02 07:30:39,-111.6424,
2026-06-02 07:30:59,UNIUSDT,SHORT,closed,2.929,3.5949973041039582,,35.576404985901256,short,bearish,2.947,,15m,bearish,2.958,2.945,2.9515000000000002,0.013,,2.9515,2.96687,2.9193,2.095,8258.9,2.90129209,2026-06-02 07:30:59,88.4259,
2026-06-02 07:40:10,UNIUSDT,SHORT,closed,2.929,3.5949973041039582,,35.576404985901256,short,bearish,2.947,,15m,bearish,2.958,2.945,2.9515000000000002,0.013,,2.9515,2.96687,2.9193,2.095,5347.0,2.912,2026-06-02 07:40:10,-21.388,
2026-06-02 07:43:20,UNIUSDT,SHORT,closed,2.929,3.5949973041039582,,35.576404985901256,short,bearish,2.947,,15m,bearish,2.958,2.945,2.9515000000000002,0.013,,2.9515,2.96687,2.9193,2.095,5367.93,2.921,2026-06-02 07:43:20,-10.734,
2026-06-02 07:45:38,UNIUSDT,SHORT,closed,2.929,3.5949973041039582,,35.576404985901256,short,bearish,2.947,,15m,bearish,2.958,2.945,2.9515000000000002,0.013,,2.9515,2.96687,2.9193,2.095,5309.08,2.913,2026-06-02 07:45:38,10.618,
2026-06-02 07:53:17,UNIUSDT,SHORT,closed,2.929,3.5949973041039582,,35.576404985901256,short,bearish,2.947,,15m,bearish,2.958,2.945,2.9515000000000002,0.013,,2.9515,2.96687,2.9193,2.095,5193.79,2.911,2026-06-02 07:53:17,0.0,
2026-06-02 07:58:27,UNIUSDT,SHORT,closed,2.929,3.5949973041039582,,35.576404985901256,short,bearish,2.947,,15m,bearish,2.958,2.945,2.9515000000000002,0.013,,2.9515,2.96687,2.9193,2.095,5171.58,2.90971206,2026-06-02 07:58:27,-3.6821,
2026-06-02 08:01:43,STXUSDT,SHORT,closed,0.2276,0.2520397846777541,,25.362452818025698,short,bearish,0.2258,,15m,bearish,0.2303,0.2293,0.2298,0.001,,0.2298,0.23099,0.22731,2.0924,61325.75,0.226,2026-06-02 08:01:43,0.0,
2026-06-02 08:03:28,UNIUSDT,SHORT,closed,2.929,3.5949973041039582,,36.7823581965846,short,bearish,2.947,,15m,bearish,2.958,2.945,2.9515000000000002,0.013,,2.9515,2.96687,2.9193,2.095,4116.32,2.905,2026-06-02 08:03:28,4.116,
2026-06-02 08:10:08,ETHUSDT,LONG,closed,1988.65,2254.243233200998,,38.70641940660061,long,bullish,1986.72,,15m,bullish,1984.78,1981.17,1982.975,3.61,,1982.975,1978.19825,1993.52476,2.2086,33.649,1979.99924419,2026-06-02 08:10:08,45.0642,
2026-06-02 08:21:36,XRPUSDT,SHORT,closed,1.2671,1.4510248165243889,,50.17808767207435,short,bearish,1.2772,,15m,bearish,1.28,1.2759,1.2779500000000001,0.0041,,1.27795,1.28384,1.26554,2.107,20755.05,1.26585646,2026-06-02 08:21:36,23.7342,
2026-06-02 08:34:46,XRPUSDT,SHORT,closed,1.2671,1.4510248165243889,,50.17808767207435,short,bearish,1.2772,,15m,bearish,1.28,1.2759,1.2779500000000001,0.0041,,1.27795,1.28384,1.26554,2.107,3635.82,1.2666,2026-06-02 08:34:46,0.0,
2026-06-02 08:48:40,SUIUSDT,SHORT,closed,,,,,,,,,,,,,,,,0.8499,,,,,0.8484,2026-06-02 08:48:40,0.0,
2026-06-02 08:48:42,XRPUSDT,SHORT,closed,1.2671,1.4510248165243889,,50.17808767207435,short,bearish,1.2772,,15m,bearish,1.28,1.2759,1.2779500000000001,0.0041,,1.27795,1.28384,1.26554,2.107,4050.97,1.2634,2026-06-02 08:48:42,0.0,
2026-06-02 08:53:48,XRPUSDT,SHORT,closed,1.2671,1.4510248165243889,,50.17808767207435,short,bearish,1.2772,,15m,bearish,1.28,1.2759,1.2779500000000001,0.0041,,1.27795,1.28384,1.26554,2.107,10654.67,1.2621,2026-06-02 08:53:48,0.0,
2026-06-02 09:00:28,XRPUSDT,SHORT,closed,1.2671,1.4510248165243889,,50.17808767207435,short,bearish,1.2772,,15m,bearish,1.28,1.2759,1.2779500000000001,0.0041,,1.27795,1.28384,1.26554,2.107,10338.69,1.2635,2026-06-02 09:00:28,0.0,
2026-06-02 09:10:27,XRPUSDT,SHORT,closed,1.2671,1.4510248165243889,,51.371373845690826,short,bearish,1.2772,,15m,bearish,1.28,1.2759,1.2779500000000001,0.0041,,1.27795,1.28384,1.26554,2.107,9884.48,1.2631,2026-06-02 09:10:27,0.0,
2026-06-02 09:15:30,XRPUSDT,SHORT,closed,1.2671,1.4510248165243889,,51.371373845690826,short,bearish,1.2772,,15m,bearish,1.28,1.2759,1.2779500000000001,0.0041,,1.27795,1.28384,1.26554,2.107,11060.69,1.2626,2026-06-02 09:15:30,0.0,
2026-06-02 09:25:16,SOLUSDT,SHORT,closed,79.57,90.69678062556555,,60.02301617040579,short,bearish,80.48,,15m,bearish,79.95,79.74,79.845,0.21,,79.845,80.18985,79.11572,2.1148,534.27,79.30828772,2026-06-02 09:25:16,107.7668,
2026-06-02 09:25:25,XRPUSDT,SHORT,closed,1.2671,1.4510248165243889,,51.371373845690826,short,bearish,1.2772,,15m,bearish,1.28,1.2759,1.2779500000000001,0.0041,,1.27795,1.28384,1.26554,2.107,8213.56,1.2597,2026-06-02 09:25:25,-4.9281,
2026-06-02 09:30:28,XRPUSDT,SHORT,closed,1.2671,1.4510248165243889,,51.371373845690826,short,bearish,1.2772,,15m,bearish,1.28,1.2759,1.2779500000000001,0.0041,,1.27795,1.28384,1.26554,2.107,27304.14,1.2587,2026-06-02 09:30:28,-24.5737,
2026-06-02 09:35:29,XRPUSDT,SHORT,closed,1.2671,1.4510248165243889,,51.371373845690826,short,bearish,1.2772,,15m,bearish,1.28,1.2759,1.2779500000000001,0.0041,,1.27795,1.28384,1.26554,2.107,20462.45,1.26106314,2026-06-02 09:35:29,-50.4018,
2026-06-02 09:40:29,XRPUSDT,SHORT,closed,1.2671,1.4510248165243889,,51.371373845690826,short,bearish,1.2772,,15m,bearish,1.28,1.2759,1.2779500000000001,0.0041,,1.27795,1.28384,1.26554,2.107,21572.25,1.25993869,2026-06-02 09:40:29,18.5804,
2026-06-02 09:45:31,XRPUSDT,SHORT,closed,1.2671,1.4510248165243889,,51.371373845690826,short,bearish,1.2772,,15m,bearish,1.28,1.2759,1.2779500000000001,0.0041,,1.27795,1.28384,1.26554,2.107,26754.83,1.2608,2026-06-02 09:45:31,-29.4303,
2026-06-02 09:50:50,XRPUSDT,SHORT,closed,1.2671,1.4510248165243889,,51.371373845690826,short,bearish,1.2772,,15m,bearish,1.28,1.2759,1.2779500000000001,0.0041,,1.27795,1.28384,1.26554,2.107,26405.39,1.2599,2026-06-02 09:50:50,5.2811,
2026-06-02 09:56:02,XRPUSDT,SHORT,closed,1.2671,1.4510248165243889,,51.371373845690826,short,bearish,1.2772,,15m,bearish,1.28,1.2759,1.2779500000000001,0.0041,,1.27795,1.28384,1.26554,2.107,26387.95,1.2598,2026-06-02 09:56:02,0.0,
2026-06-02 10:02:22,XRPUSDT,SHORT,closed,1.2671,1.4510248165243889,,52.67669058535571,short,bearish,1.2772,,15m,bearish,1.28,1.2759,1.2779500000000001,0.0041,,1.27795,1.28384,1.26554,2.107,26269.6,1.25872576,2026-06-02 10:02:22,-8.5576,
2026-06-02 10:07:23,XRPUSDT,SHORT,closed,1.2671,1.4510248165243889,,52.67669058535571,short,bearish,1.2772,,15m,bearish,1.28,1.2759,1.2779500000000001,0.0041,,1.27795,1.28384,1.26554,2.107,26223.87,1.2615,2026-06-02 10:07:23,-44.5805,
2026-06-02 10:12:31,XRPUSDT,SHORT,closed,1.2671,1.4510248165243889,,52.67669058535571,short,bearish,1.2772,,15m,bearish,1.28,1.2759,1.2779500000000001,0.0041,,1.27795,1.28384,1.26554,2.107,25706.39,1.26389341,2026-06-02 10:12:31,-22.9663,
2026-06-02 10:20:52,XRPUSDT,SHORT,closed,1.2671,1.4510248165243889,,52.67669058535571,short,bearish,1.2772,,15m,bearish,1.28,1.2759,1.2779500000000001,0.0041,,1.27795,1.28384,1.26554,2.107,25243.73,1.26398244,2026-06-02 10:20:52,-24.8004,
2026-06-02 10:26:22,XRPUSDT,SHORT,closed,1.2671,1.4510248165243889,,52.67669058535571,short,bearish,1.2772,,15m,bearish,1.28,1.2759,1.2779500000000001,0.0041,,1.27795,1.28384,1.26554,2.107,25053.13,1.2631,2026-06-02 10:26:22,-5.0106,
2026-06-02 10:43:42,XRPUSDT,SHORT,closed,1.2671,1.4510248165243889,,52.67669058535571,short,bearish,1.2772,,15m,bearish,1.28,1.2759,1.2779500000000001,0.0041,,1.27795,1.28384,1.26554,2.107,24939.08,1.2629,2026-06-02 10:43:42,4.9878,
2026-06-02 11:01:53,XRPUSDT,SHORT,closed,1.2671,1.4510248165243889,,52.67669058535571,short,bearish,1.2772,,15m,bearish,1.28,1.2759,1.2779500000000001,0.0041,,1.27795,1.28384,1.26554,2.107,24347.12,1.26575068,2026-06-02 11:01:53,8.5049,
2026-06-02 11:11:52,XRPUSDT,SHORT,closed,1.2671,1.4510248165243889,,52.67669058535571,short,bearish,1.2772,,15m,bearish,1.28,1.2759,1.2779500000000001,0.0041,,1.27795,1.28384,1.26554,2.107,24210.07,1.26459776,2026-06-02 11:11:52,-2.3668,
2026-06-02 11:18:54,XRPUSDT,SHORT,closed,1.2671,1.4510248165243889,,52.67669058535571,short,bearish,1.2772,,15m,bearish,1.28,1.2759,1.2779500000000001,0.0041,,1.27795,1.28384,1.26554,2.107,24232.65,1.262,2026-06-02 11:18:54,-9.693,
2026-06-02 11:26:41,XRPUSDT,SHORT,closed,1.2671,1.4510248165243889,,52.67669058535571,short,bearish,1.2772,,15m,bearish,1.28,1.2759,1.2779500000000001,0.0041,,1.27795,1.28384,1.26554,2.107,24254.94,1.262258,2026-06-02 11:26:41,-3.8323,
2026-06-02 11:34:21,XRPUSDT,SHORT,closed,1.2671,1.4510248165243889,,52.67669058535571,short,bearish,1.2772,,15m,bearish,1.28,1.2759,1.2779500000000001,0.0041,,1.27795,1.28384,1.26554,2.107,24583.99,1.25955398,2026-06-02 11:34:21,-3.7854,
2026-06-02 11:41:19,XRPUSDT,SHORT,closed,1.2671,1.4510248165243889,,52.67669058535571,short,bearish,1.2772,,15m,bearish,1.28,1.2759,1.2779500000000001,0.0041,,1.27795,1.28384,1.26554,2.107,24488.2,1.2607,2026-06-02 11:41:19,0.0,
2026-06-02 11:46:58,XRPUSDT,SHORT,closed,1.2671,1.4510248165243889,,52.67669058535571,short,bearish,1.2772,,15m,bearish,1.28,1.2759,1.2779500000000001,0.0041,,1.27795,1.28384,1.26554,2.107,24401.2,1.26,2026-06-02 11:46:58,-12.2005,
2026-06-02 11:52:00,XRPUSDT,SHORT,closed,1.2671,1.4510248165243889,,52.67669058535571,short,bearish,1.2772,,15m,bearish,1.28,1.2759,1.2779500000000001,0.0041,,1.27795,1.28384,1.26554,2.107,24027.77,1.26193169,2026-06-02 11:52:00,-5.567,
2026-06-02 11:58:15,XRPUSDT,SHORT,closed,1.2671,1.4510248165243889,,52.67669058535571,short,bearish,1.2772,,15m,bearish,1.28,1.2759,1.2779500000000001,0.0041,,1.27795,1.28384,1.26554,2.107,23883.59,1.2629,2026-06-02 11:58:15,0.0,
2026-06-02 12:07:31,XRPUSDT,SHORT,closed,1.2671,1.4510248165243889,,52.67669058535571,short,bearish,1.2772,,15m,bearish,1.28,1.2759,1.2779500000000001,0.0041,,1.27795,1.28384,1.26554,2.107,24147.02,1.2604,2026-06-02 12:07:31,-9.6588,
2026-06-02 12:19:55,XRPUSDT,SHORT,closed,1.2671,1.4510248165243889,,52.67669058535571,short,bearish,1.2772,,15m,bearish,1.28,1.2759,1.2779500000000001,0.0041,,1.27795,1.28384,1.26554,2.107,24017.15,1.2589,2026-06-02 12:19:55,-4.8034,
2026-06-02 12:31:29,XRPUSDT,SHORT,closed,1.2671,1.4510248165243889,,52.67669058535571,short,bearish,1.2772,,15m,bearish,1.28,1.2759,1.2779500000000001,0.0041,,1.27795,1.28384,1.26554,2.107,23590.06,1.26084655,2026-06-02 12:31:29,-3.4571,
2026-06-03 21:02:10,LDOUSDT,SHORT,closed,,,,,,,,,,,,,,,,0.3055,,,,,0.2926,2026-06-03 21:02:10,234.6381,
2026-06-03 21:02:12,LDOUSDT,SHORT,closed,,,,,,,,,,,,,,,,0.3055,,,,,0.2926,2026-06-03 21:02:12,234.6381,
2026-06-04 01:31:09,AVAXUSDT,SHORT,closed,,,,,,,,,,,,,,,,8.131,,,,,7.832,2026-06-04 01:31:09,442.52,
2026-06-04 01:31:10,AVAXUSDT,SHORT,closed,,,,,,,,,,,,,,,,8.131,,,,,7.832,2026-06-04 01:31:10,442.52,
